key,sequence
0,PGYTFTSITLKPPKIDRGSYYGKRLLLPDSVTEYDKKLVSRLQIRVNPLPKFDSTVWVTVRKVPASSDLSVAAISAMFADGASPVLVYQYAASGVQANNKLLYDLSAMRADIGDMRKYAVLVYSKDDALETDELVLHVDIEHQRIPTSGVLPV
-1,PGYTFTSITLKPPKIDRGSYYGKRLLLPDSVTEYDKKLVSRIQIRVNPLPKFDSTVWVTVRKVPASSDLSVTAISAMFADGASPVLVYQYAATGVQANNKLLYDLSAMRADIGDMRKYAVLVYSKDDALETDELVLHVDIEHQRIPTSGVLPV
-1,PGYTFTSITLKPPKIDRGSYYGKRLLLPDSVTEFDKKLVSRIQIRVNPLPKFDSTVWVTVRKVPASSDLSVAAISAMFADGASPVLVYQYAASGVQANNKLLYDLSAMRADIGDMRKYAVLVYSKDDALETDELVLHVDIEHQRIPTSGVLP-
-1,PGYTFTSITLKPPKIDRGSYYGKRLSLPESVTEFDKKLVSRIQIRVNPLPKFDSTVWVTVRKVPASSDLSVAAISTMFADGASPVLVYQYAASGVQANNKLLYDLSPMRADIGDMRKYAVLVYSKDDTLESDELVLHVDIEHQRIPTSGVLPV
-1,PGYTFTSITLRPPKMDRGSYYGKRLLLPDSVTEFDKKLVSRIQIRVNPLPKFDSTVWVTVRKVPASSDLSVAAISAMFADGASPVLVYQYAASGVQANNKVLYDLSAMRTDIGDMRKYAVLVYSKDDALETDELVFHVDIEHQRIPTSGVLPV
-1,PGYTFTSITLRPPKIDKGSYYGKRLLLPDSVTEFDKKLVSRIQIRVNPLPKFDSTVWVTVRKVPASSDLSVSAISAMFADGASPVLVYQYAASGVQANNKLLYDLSVMRADIGDMRKYAVLVYSKDDALETDELVLHVDIEHQRIPTSAVLPV
-1,PGYTFTSITLRPPKIDRGSYYGKRLFLPESVTEFDKKLVSRIQIRVNPLPKFDSTVWVTVRKVPASSDLSVAAISTMFADGASPVLVYQYAASGVQANNKLLYDLSPMRADIGDMRKYAVLVYSKDDALESDELVLHVDIEHQRIPTSGVLPV
-1,PGYTFTSITLKPPKIDRGSYYGKRLLMPDSVTEFDKKLVSRIQIRVNPLPKFDSTVWVTVRKVPASSDLSVAAISAMFADGASPVLVYQYAASGIQANNKLLYDLSAMRADIGDMRKYAVLVYSKDDVLETDEIVLHVDIEHQRIPTSVVLPV
-1,PGYTFTSITLKPPKIDKESYYGKRLLLPDSVTEFDKKLVSRIQIRVNPLPKFDSTVWVTVRKVPTSSDLSVSAISAMFADGASPVLVYQYAASGVQANNKLLYDLSAMRADIGDMGKYAVLVYSKDDTLETDELVLHVDIEHQRIPTSGVLPV
-1,PGYTFTSITLRPPKIDKGSYYGKRLLLPDSVTEFDKKLVSRIQIRVNPLPKFDSSVWVTVRKIPASSDLSVSAISAMFADGASPVLVYQYAASGVQANNKLLYDLSVMRADIGDMRKYAVLMYSKDDALETDELVLHVDIEHQRIPTSGLLPV
-1,PGYTFTSITLKPPKIDKGSYYGKRLLLPDSVTEFDKKLVSRIQIRVNPLPKFDSTVWVTVRKVPASSDLSVSAISAMFADGASPVLVYQYAASGVQVNNKLLYDLSAVRADIGDMRKYAVLVYSKDDALETDELVLHADIEHQRIPTTGLLPV
-1,PGYTFTSITLKPPKIDRGSYYGKRLLLPDSVTEYDKKLVSRIQIRVNPLPKFDSTVWVTVRKVPASSDLSVAAISAMFADGASPVLVYQHAASGVQANNKPLYDLSAMRADIGDMRKYAVLVYSKDDALETDELVLHVDVEHQRIPISRSLPV
-1,PGYTFTSITLKPPKIDRGSYYGKRLLLPDSVTEYDKKLVSRIQIRVNPLPKFDSTVWVTVRKVPASSDLSVAAISAMFADGASPVLVYQYAASGVQSYNKLLYDLSPMRADISDMRKSPVLVYSKDDALETDELVLHVDVEHQRIPTSGVLPV
-1,PGYTFTSITSKPPKIDRGSYYGKRLLLPDSVTEYDKKLVSRIQIRVNPLPKFDSTVWVTVRKVPASSDLSVPAISAMFPDGPSPVLVYQYAASGVQANNKLLYDLSAMRADIGDMRKYAVLVYAKDDALATDELVLHVDVEHQRIPTSGVLPV
-1,PGYTFTSITLKPPKIDRGSFYGKRLVLPDSVTDFDKNLVSRIQIRVNPLPKFDSTVWVTVRKVPASSDLSVSAISAMFADGASPVLVYQYAASGVQANNKLLYDLSAMRADIGDMRKYAVLVYSKDDALESDELVLHVDIEHQRIPTSGVLPV
-1,PGYTFTSITLRPPKIDRESYYGKRLLLPDSVMEYDKKLVSRIQIRVNPLPKFDSTVWVTVRKVSASSDLSVAAISAMFADGASPVLVYQYAASGVQANNKLLYDLSAMRADIGDMRKYAVLVYSKDDTLETDELVLHVDVEHQRIPTSGVLPV
-1,PGYTFTSITLKPPKIDRGSYYGKRLLLPDSVTDFDKKLVSRIQIRVNPLPKFDSTVWLTVRKVPASADLSVAAISTMFSDGESPVLVYQYAASGIQANNKLLYDLSPMRADIGDMKKYAVLVYSKDDVLEMDELVIHVDIEHQRIPTSGVLPV
-1,PGYTFTSITLKPPKIDRGSYYGKRLSLPDSVTEFDKKLVSRIQIRVNPLPKFDSTVWVTVRKVPASSDLSVAAISAMFADGASPVLVYQYAASGVQANNKLLHDLSAMRADIGDMRKYAVLVYSKDHALKTDELVLHVNIEHPRIPTSGVLPV
-1,PGYTFTYITLKPPKIDRGSYYGKRLLLPDSVTEYDKKLVSRIQIGVNPLPKFDSTVWVTVRKVPASSDLSVAAIFAMFADGASPVLVYQYAAFGVQANNKLLYDLSAIRADIGDMRKYAVLVYSKDDALETDELVLHVDVEHQRIPTFGVLPV
-1,PGYTFTSITLRPPKIDRGSYYGKRLLLPDSVTEYDKKLVSRVQIRVNPLPKFDSTVWVTVRKVLASSDLSVAAISAMFADGASPVLVYQYAASGVQTNNKLLCDLSAMRADIGDMRKYAILVYSKDDALETDELVLHVDIEHQRIPTSRVLPV
-1,PGYTFTSITLKPPEIEKGSYFGRRLSLPDPVTDYDKKLVSRIQIRINPLPKFDSTVWVTVRKVPSSSDLSVAAISAMFGDGNSPVLVYQYAASGVQANNKLLYDLSEMRADIGDMRKYAVLVYSKDDKLEKDEIVLHVDVEHQRIPISRMLP-
-1,PGYTFTSLTLKPPKINRGSYYGKRLFLPDSVTEYDKKLVSRIQFQVNPLPKFDSTVWVTVRKVPASADLSVAAISAMFTDGASPVLVYQYAASGFQANNKLLYDLSAMRADIGDMKKYAVLVYSKDNALETDELVLHVDIEHQRIPTSGLLPV
-1,PGYTFTSITLKPPKIDRGSYYGRRLLLPDSVTEYYKKVVSGVQIRVNPLPEFDSTVWVTVRRVPDSSDLSVAAISAMFADGASPVLVYQYAASGVQANNKLLYDLSAMRADIGDMRKYAVLVYSKDDALETDELLLHVDVEHQRIPTSGVLPV
-1,PGYTFTSITLKPPKIDKGSYYGKRLLLPDSVTEFDKKLVSRNQIRVNPLPKFDSTVWVTVRKVPASSDLSVTAISAMFADGASPVLGYQYAASGVQANNKLLYDLSVMRYAAGDMRKYAVLVYSKDDALETDELVLHVDIEHQRIPTSGVLPV
-1,PGYTFTSITLKPPKIDNGSYYGKRLLLPDSVTEFDKKLVSRIQFRVNPLPKFDSTVWVTVRKVPASSDLSVSAISAMLADGASPVLVYQYAASGVQANNKLFYDLSVMRADIGEMRKYAVLVYSKDDALETEELVLHVDIEHQRIPTSGVIPV
-1,PGYTFTSITLKPPKIDGGSYYGKRLLIPDSVTEYDKKLVSRIHIRVNPLPKFESTVWVTVRKVPASSDLCVAAISAMFAVGASPVLVYQYAASGVQPNNKLLYDLSPMRADIGDMRKYAVLVYSKDDALETDDLVLHVDVEHQRIPTSGELPV
-1,-GYAFTSITLKPPKIDRRSYYGKGLLLPDSVTEFDKKLVSRIQIRVNPLPKFDSTVWVTVRKVPAFSNLSVAAISAMFADGASPVLVYQYAASGVQANNKLLYDLSAMRADIGAMRKYAVLVYSKDDALETDELVLHVDIEHQRIPTSGVLPV
-1,-GYTFTSITLKPPQVDRGSYYGKRLLLPDVVTNYDKKLVSRIQIRVNPLPKFDSTVWVTVRKVPASSDMSVSAIAAMFADGESPVLVYQYAASGLQANNKLLYDLSSTRADIGDMRKYAVLVYSKDDVLETDEIVLHVDIEHQRIPSASVLPV
-1,PGYTFTCITLKPPKIDRGSYYGKRLLLPYSVTDYNKKVVSRIQIGVNPLPKFDSTVWVTVRKVPASSELSVAAISAMFADGASPVLVYQYAASGVQANNKWLYDLSAMPADIGDMRKYAVLVYSKDDALETDELVLHVDVEHQRIPTSGVLPV
-1,PGYTFTSITLKPPKIDRGSYYGKRLLLPDSVTEYDKKLVSRIQIRVNPLPKFDYTVRETVRKVPASSEFSVAAMFVMFADGASPVLVYQYAASGVQANNKLLYDLSAMRADIGDMRKYAVLVYSKEEALETDEMVIHVDIEHQRIPTSGVLPV
-1,PGYTFTSITLKPPKIDRGSYYGKRLLLQESVTEFDKKLVSRIQIRVNPLPKFDSTVWVTVRKVPASSDLSVAAISTVFADGASPVLVYQYAASGVQANNKLLYDLSAMRAHIGDMRKYAVLVYSKDDALESDEYVLHDVIEHQRIPTSGVLPV
-1,PGYTFTSITLKPPKIDRGSYYGKRLLLPDSVTEYDKKLVSRIQIRVNPLPKFDSTVWVTVRKVPASSDLSVAAISAMFADGASPVLVYQYAASGVQANNKLLYDLSAMRADTGDMRKCAVREYSRDGALATDEQVLHVDIEHQHIPTSGVLPV
-1,PGYTFTSITLKPPKIHKASYYGKRLLLPDSVTEFDKKLVSRIQIRVNPLPKFDSTLRATARKVPASSDLSVSPISAMFADGASPVLVYQYAASGVQANNKLLYDLSVMRADIADMRNYAVLVYSKDEALETDELVLHVDIEHQRIPTSGVLPV
-1,PGYTFPAGTLKPPEIEKGSYFGRMMSLPDSVTDYDKKLVSRIQIRINPLPKFDSTVWVTVRKVPSSSDLSVAAISAMFGDGNSPVLVYQYAASGVQANNKLLYDLSEMRADIGDMRKYAVLVYSKDDKLEKDEIVLHVDVEHQRIPISRMLP-
-1,PGNTFTSITLKPPKIDRGSYYAKRLLLPESVTEFDKKLVSRIQIRVNPLPKFDSTEWVTVGKVPASSDLSVAAICAMFADGATPVLVYQYAASGVQANNKLMYDLSAMRADIGVMRKYAVLVYSKDDALETDEQVHHVDIQHQRIPTSGVLPV
-1,PGYPFTSITLKPPGIEKGSYFGRRLSLPDSVTDYDKKLVSRIQIRINPLPKFDSTVWVTVRKVPSSSDLSVAAISAMFGDGNSPVLVYQYAASGVQANNKLLYDLSEMRAEIGDMSKYTVLVKQKDDNLEKDEMVFHVDVEHQRIPISRSLPV
-1,PGYTFTSITLKPPKIDRGSYYGKRLLLPDSVTEFDKKLVSRIQIRVIPLPKFDSTVWVTVRKVPASSDLSFAAISAMFAKRPSPGLVYSYAISGVQATNTLLYDLSAMRADIGDMRKYAVLVCSKDDTLETDELVLHVDIEHQRIPTSGVLPV
-1,PGYTYTSLDVRPTKTEKGHSFGQRLVLPVPVSEFPKKKVSCVQLRLNPSPKFDSTVWVSLRKLSPGYSLTSESVFKLFTDGNAAVLIYQHVSTGVQPRNKITFDLASVGTEIGDIGDYAIIVYSKDDTLEADEMVIHVDVEHQRIPSASALPV
-1,PGYTFSSITLKPPKIDRGSYYGKRLLLPDSVTEFDKKLVSRIQIRVNPLPKFDSTVWVTVRKVPASSDFTVAAISAMFADGASPVLVYQYAASGVQANNKLLYDLSAMRADIGDMRKYAVLEYSKDDALEKDELVLHVDIEH-----------
-1,PGDTFTPITLKPPKIDRGSYYGKRLLLPDSVTEFDKKLVSRIQIRVNPLPKFDSTVWVTVRKVPASSDLSVAAISVMFADGASPVLVYEYAASGVQANNKLLYDLSAMRADIGDMRKIAVLVYSKDDAL-TDELdLLHV-IEHQRIPTSGVLPV
-1,PGYTFTSITLKPPKIDRGSYYGKRLLLPDSVTEFDKKLVSRIQIRVNPLPKLDSTVWVTVRKVPASSDLSVAAISAMFADGASPVLVYQYAASGVQANNKLLYDLSAMCADIGEhakVRRFSCI--PKDDALETDELVLHVDVEHQRIPTSGVLPV
-1,PGYTLTSITLNPPEIEKGSYFGRRSSLPDSVTDYDKNLVSRIHIRINPFPKFDSSVWVTVRKVPSSSDLSVAAISAMFGDGNSPVFVYQYAASGVQANNKLLYDLSEMRADIGDMRKYAVLVYSKDDKLEKDETVLHVEVEHQRIPISRMLP-
-1,-GYTYTSLDVRPTKTEKGHSFGQRLSIPVPISEFPKKKVSCVQLRLNPSPSFDSTVWVALRKLPPSYTLSSENVFKLFTDGSAAVLMYQHVPNGIQRDNKIIYYLASVGTEIGDMGDYAIIVYSKDDTLEADEMVIHVDVEHQRLPSATSLPV
-1,PGYTFTSITLRPPKINKGSYYGKRMLLLDSVTEFDKKLVSRIQIRVNPLPKFDSTVWVTVRKVPASSDLSVSAISAFFTERASPVLVYQYAASGVQANNKLLYVFSVMRADIGDMRKYPVLVYSKDDALETDELVLHGDIEHPRLSTSAVLPV
-1,-GYTYTTLDVRPTKTEKGHSFGQRLNLPVPVSEFPKKKVSRIQLRLNPSPAFDSTVWVTLRKLPPSYSLASENVYKLFTDGGAAVLTYQHIPTGVQRDNKILYNLSSVGTEIGDIGEYAIIVYSKDDTLEADEMVIHVDVEHQRIPSATALPV
-1,PGYTFTSITLKPPKIDKGSYYGKRLLLPDSVTEFVKKLVSRIQIRVNPLPKFDYTVWVTARIVPASSDLSVSAISAMFAAGASPVLVYQFAACGVQANNILLYDLSVMRADNVDMRMYAVLVYSKDDARETDELVLHVDIEHQPIPTSGVLPV
-1,PGYTFTSITLNPPEIEKGSYFGRSLSLPDSVTDYDKKLVSRIHIRINPLPKFDSTVCVTVRKVPSSFDLSVAAISAMFADGNSPVLVYQYVASGVQANNKLLYDLSEMRADSGDMRKYAVLVYSKADKLEKDGIVLHVDVEHQRTPISRMLP-
-1,PGYTYTSLDVRPTKTEKGHSFGQRLSLPAPVSDFPKKKINCVQLRLNPSPTFDSTVWVTLRKLPSGYSLASENVFPLFTDGKSAVLTYQHVQTGVQPRNKIVYDLASVGTEVGDIGDYAIIVYSKDDVLQADELTVHTDIEHERIPSASKLPV
-1,-GYTYTSLDVRPTQIQKGHIFGQRLSLPVPVSEFPKMKVSCVQLRLNPSPAFDSTVWVSLRKLPSNYSLSSENVFKLFTDGSAAVLTYQHAPTGIQRDNKILYNLATVGTEIGDIGDYAVIVYSKDDTLEADEMVIHVDVEHQRIPSATALPV
-1,PGYTYTSLDVKPVKTEKGQSFGKRLSLPAPVSEFPKKKISCIQLRLNPSPKFDSTIWVSLRRLPKDYSLASESVFKLFTDGNAAVLIYQHVSTGIQPRNKITFDLASVGAEIGDLGEYAVIVYSKDDVLEADEVVIHVDVEHQRIPSATALPV
-1,-GYTYTTLDVRPTQTQKGHSFGQRLNLPVPVSEFPKKKVSRVQLRLNPSPAFDSTVWVTLRKLPPGYSLASENVYKLFTDGGAAVLTYQHIPTGIQRDNKILYNLSSVGTEIGDIGDYAIIVHSKDDTLEADEMVIHVDVEHQRIPSATALPV
-1,-GYTYTSLDVRPTKTEKGHSFGQRLNLPVPVSEFPKKKVSCVQLRLNPSPTFDSTVWVTLRKLPLGYSLASESVFKLFTDGLSAVLMYQHVPNGIQRDNKIIYDLSPVGTEIGDMSEYAIIVYSKDDTLEDDEILIHVDVEHQRIPSATALPV
-1,PGYTYTSLDVRPTKTEKGHSFGQRLSLPTPVSEFPKKKVNCVQLRLNPSPTFDSTVWVTLRKLLPGYNLASENVFPLFTDGKSAVLTYQHVQTGVQPRNKIVYDLASVGTEVGDIGDYAIIVLLKDDVLQADELTVHTDVEHERIPSASKLPV
-1,PGYTFTSITLKPPEIEKGSCFGRRLSLPDSVTDYDKKLVSRIQIRINPLPKFDSTVWVTVRKVPSSSDLSVAAISAMFGDGNSPVLVYQYAASGVQANNKLLYDLSEMRADIGDMRKYAVLVYSKDDKLEKDEIV------------------
-1,PGYTYTSLDVRPTKTEKGHSFGQRLTIPVPVSDYPKKKVSCVQVRLNPSPKFDSTIWVSLRRLDETTILTSENVFKLFTDGAASVLIYQHVTTGVQPNNKITFDMSNVDAEIGDMNRYALIVYSKDDVLEADEMVIHVDVEHQRIPSATSLPV
-1,PGYTYTTLDVKPTKTEKGHSFGQRLSLPAPVSDFPKKKINCVQLRLNPSPTFDSTVWVTLRKLPSGYSLASENVFPLFTDGKSAVLTYQHVQTGVQPRNKIVYDLASVGTEVGDIGDYAIIVLFKDDVLQADELTVHTDIEHERIPSASKLPV
-1,----------KPPKIDKGSYYGKRLLLPYSVTQFDQKLVSRIQIRVHPLPKFHSTVWVTVRQVPASSDLSVSAISAMFADGASPVLVYQYTASGVQANNKLLYHLSAMRAHIGHMRKYAVLVYSKDDALETDQLVLHVHIQHQRIPTSGVLPV
-1,-GYTYTSLDVRPTRTEKDKSFGQRLIIPVPVSEYPKKKVSCVQVRLNPSPKFNSTIWVSLRRLDETTLLTSENVFKLFTDGLAAVLIYQHVPTGIQPNNKITFDMSSVGAEIGDMGKYALIVYSKDDVLEADEMVIHIDIEHQRIPSASTLPV
-1,-GYTYSSLDVRPTKTEKGHTFGQRLSLPAPVSEFPKKKINCVQLRLNPSPTFDSTVWVTLRKLPPGFNLASENVFPLFTDGKSAVLTYQHVQTGVQPRNKIVYDLASVGTEVGDMGDYAIIVLRKDDVIEADELTFHTDVGHEQIPPASKLPV
-1,PGYTYTTLDVKPTKTEKGHSFGQRLSLPAPVSDFPNKKINCVQIRLNPSPTFDSTVWVTLRKLPSGYSLASENVFPLFTDGKSAVFTYQHVQTGVQPRNKIVYDLASVGTEVGDIGDYAIIVLFKEDVLQGDELTVHTDIEHERIPSASKLPV
-1,PGYTFTSITLKPPKIDRGSYYGKRLLLPDSVTEYDKKLVSRIQIRVNPLPKFDSTVWVTVRKVPASSDLSVAAISAMFADGASPVLVYQYAASGVQANNKLLYDLS------GDARLYrrhekvrrpRVL---KRRCTRADELVLHVDVEHQRIPTSGVLPV
-1,-GYTYTSLDVRPTRTEKDKSFGQRLIIPVPVSEYPKKKVSCVQVRLNPSPKFNSTIWVSLRRLDETTLLTSENVFKLFTDGLAAVLIYQHVPTGIQPNNKITFDMSNVGAEIGDMGKYALIVYSKDDVLEADEMGIHIDIEHQRIPSASTL--
-1,-GYTYTSLDVRPTRTEKDKSFGQRLIIPVPVSEYPKKKVSCVQERLNPSPKFNSTIGVSLRHLDETTLLTSENVFKLFTDGLAAVLIYQHVPTGIQPNNKITFDMSNVGAEIGDMGKYALIVYSKDDVLEADEMVIHIDIEHQRIPSASTLPV
-1,PGYTYTSLDVRPTKTEKGHSFGQRLSLPTPVSEFPKKKVNCVQLRLNPSPTFDSTVWVTLRKLPPGFNLASENVFPLFTDGKSAVLTYQHVQTGVQPRNKIVYDRACVGTEVCDIGDNASIYLLNNDVIDTDELTVHTDVEHERIPSASKLPV
-1,-GYTYTSLDVRPTRTEKDKSFGQRLIIPVPVSEYPKKKVSCVQVRLNPSPKFNSTIWVSLRRLDETTLLTSENVFKLFTDGLAAVLIYQPVPPGIQPTNKITFDMSNVGAEIRDMGKYALIVYSKHDVLETDEMGLHIDIEHQRIPSASTLPV
-1,-GYTYTSLDVRPTKTEKGHSSGQRLVLPVPYLNFRRRKFRAFNSGSNPSPKFDSTVWVSLRKLSPGYSLTSESVFKLFTDGNAAVLIYQHVSTGVQPRNKITFDLASVGTEIGDIGDYAIIVYSKDDTLEADEMVIHVDVEHQRIPSASALPV
-1,---------------------------------YNKKLVSRIQIRVNPLPKFDSTVWVTVRRVPASSELSVAAISSMFADGASPVLVYQYAASGVQANNKLLYDLSAMRADIGDMRKYAVLVYSKDDALETDELVLHVDIEHQRIPTSGVLPV
-1,PGYTYTSLDVRPTKTEKGHSFGQRLSLPAPVSDFPKKKMNCVQLRLNPSPTFDSPCGLLLGNLSGYS-LASENVFPLFTDGKSAVLTYQHVQTGVQPRNKM-YMTCLVGTEVGDIGDYAIIVYSKDDVLQADELTVHTDIEHERIPSASKLPV
-1,-GYTYTSLDVRPTRTEKDKSFGHLLIIPVPVSDNPKKKVSCVQVRLNPSPKFNSTNWVSLRRLDETTLLTTENVFKLFTDGLAAVLIYQHVPTGIQPNNKTTFDMSSVEAEIGEMGKYALIVYSKDDVLQADEMVIPIGIEHPRIPSASTLPV
-1,------------------------------------KLVSRIQIRVNPLPKFDSTVWVTVRKVPASSDLSVAAISAMFADGASPVLVYQYAASEVQANNKLLYDLSAMRADIGDTRKYPLLVYSKDDALETDERALHVDIEHQRIPTYGVLPV
-1,-GYTYTSLDVRPTRTEKDKSYGQRLIIPVPVSEYPKKKVSCVQVRLNPSPKFNSTIWVSLRRLDKTTLLTSENVEKLFTGGLAAVLIYQQVPTGNRTNNKIAFETSKDGDEIGDMDKYALIVYSKKEVLQAEKRQIHIDIEHQRIPSASTLPV
-1,-GYTYTSLDVRPTRTEKDKSFGQRLIIPVPVSEYPKKKVSCVQVRLNPSPKFNSTIWVSLRRLDETTLLTSENVFKLFTGGLAAVLIYQAVPTGIQLNNKITFHMSNARAEIGDMGKYALIVYSKHDVLETDEMGLHRHMDSRSIPSPS----
-1,---------------------------------YDKKLVSRIANQVLRYPEFDSTVWVTVRKVPSSSDLSVAAISAMFGDGNSPVLVYQYAASGVQANNKLLYDLSEMRADIGDMRKYAVLVYSKDDKLEKDEIVLHVDVEHQRIPISRMLP-
-1,PGYTFTSITLKPPKIDKGSYYGKRLLLPDSVTEFDKKLVSRIQIRVNPLPKFDSTVWVTVRKVPASSDLSVSAISAMFADGASPVLVYQYAASGVQANNKL----------------------------------------------------
-1,---------------------------------YDKKLVSRIALLLVSFAEFDSTVWVTVRKVPSSSDLSVAAISAMFGDGNSPVLVYQYAASGVQANNKLLYDLSEMRADIGDMRKYAVLVYSKDDKLEKDEIVLHVDVEHQRIPISRMLP-
-1,PGYTFTSITLKPPKIDRGSYYGKRLLLPDSVTEYDKKLVSRIQIRVNPLPKFDSTVWVTVRKVPASSDLSVAAISAMFADGASPVLVYQYAASGVQAN-------------------------------------------------------
-1,---------------------------------YDKKLVSRIQIRINPLPKFDSTVWVTVRKVPSSSDLSVAAISAMFGDGNSPVLVYQYAASGVQANNKLLYDLSEMRADIGDMRKYAVLVYSKDDKLEKERL-------------------
-1,PGYTYNTLDVKPTKTEKGHSFGQRLSLPAPVFDFRKKKINGVQLPLNHFPIFDSAEWVILRKLPSGGSLGSENRFHLCRSGKSAENHQQQANTGVNPPKKILYHLAPIGLEVGDIGNHALFVFFKDDILQDEGLTVHTDIERERIPSDSKFPV
-1,PGYTFTSITLKPPKIDSGSYYGKRLSLPDSVTEYDKKLVSRIQILVNPLRKFDSTVWVRVRKVPASSDICVAAISAMCADGASPGLVYHYAASGVQA--------------------------------------------------------
-1,PGYTFTSITLKPPKIDRGSYYGKRLLLPDSVTEYDKKLVFRIQISVNPLPKFDSTVWGNVRKVPGSFEFAVAALSGLVADGASPVLVYQYAASGV----------------------------------------------------------
-1,PGYTFTSITLKPPEIEKGSYFGRRLSLPNSGTDYDKKLVSRIQIRINPLPKFDSTVWVTVRKVPSSSDLSVAAISAMFGDGNSPV--------------------------------------------------------------------
-1,----------------------------------------------NPLTYLNSAVWVTVRKVPPSFDISVVHVALRVTDGSHEVLVDKHAASSVRAYKKLLYYLPPMRSDFRNELLYAVLVSTKDDKLGTDEL-------------------
-1,--------------------YGKRLSLPDSVTEFDKKLVSRIQIRINPLPKFDSTVWVTVRKIPASSDLSVAAISAMFADGASPVLVYQYAASGV----------------------------------------------------------
-1,PGYTFTSITLKPPKIDRGSYYGKRLLLPDSVTEFDKKLVSRIQIRVNPLPKFDSTVWVTV---------------------------------------------------------------------------------------------
-1,PGYTFTSITLKPPEIEKGSYFGRRLSLPDSVTDYDKKLVSRIQIRINPLPKFDSTVW------------------------------------------------------------------------------------------------
-1,PGYTFTSITLKPPKIDRGSYYGKRLLLPDSVTEYDKKLVSRIQIRVNPLPKFDSSVW------------------------------------------------------------------------------------------------
-1,PGYTFTSITLKPPKIDRGSYYGKRLLLPDSVTEYDKKLVSRLQIRVNPLPKFDSTVWVTVRKVPASSDLSVAAISAMFADGASPVLVYQYAASGVQANNKLLYDLSAMRADIGDMRKYAVLVYSKDDALETDELVLHVDIEHQRIPTSGVLPV
-1,PGYTFTSITLKPPKIDRGSYYGKRLLLPDSVTEYDKKLVSRIQIRVNPLPKFDSTVWVTVRKVPASSDLSVAAISAMFADGASPVLVYXYAASGVQANNKLLYDLSAMRADIGDMRKYAVLVYSKDDALXTDELVLHVDIEHQRIPTSGVLP-
-1,PGYTFPAGTLKPPEIEKGSYFGRMMSLPDSVTDYDKKLVSRIQIRINPLPKFDSTVWVTVRKVPSSSDLSVAAISAMFGDGNSPVLVYQYAASGVQANNKLLYDLSEMRADIGDMRKYAVLVYSKDDKLEKDEIVLHVDVEHQRIPISRMLP-
-1,PGYTFTSITLKPPEIEKGSCFGRRLSLPDSVTDYDKKLVSRIQIRINPLPKFDSTVWVTVRKVPSSSDLSVAAISAMFGDGNSPVLVYQYAASGVQANNKLLYDLSEMRADIGDMRKYAVLVYSKDDKLEKDEIV------------------
-1,PGYTYTSLDVRPTKTEKGHSFGQRLTIPVPVSDYPKKKVSCVQVRLNPSPKFDSTIWVSLRRLDETTILTSENVFKLFTDGAASVLIYQHVTTGVQPNNKITFDMSNVDAEIGDMNRYALIVYSKDDVLEADEMVIHVDVEHQRIPSATSLPV
-1,PGYTYTSLDVRPTKTEKGHSFGQRLVLPVPVSEFPKKKVSCVQLRLNPSPKFDSTVWVSLRKLSPGYSLTSESVFKLFTDGNAAVLIYQHVSTGVQPRNKITFDLASVGTEIGDIGDYAIIVYSKDDTLEADEMVIHVDVEHQRIPSASALPV
-1,PGYTYTSLDVRPTKTGKGHSFGQRLFLPAPVSEFPKKKVSCVQLRLNPSPKFDSTVWVSFRKLSPGYSLTSESVFKLFTDGNAAVLIYQHVSTGVQPRNKITFDLASVGTEIGDIGDYAIIVYSKDDTLEADEMVIHVDVEHQRIPSASALPV
-1,PGYTYTTLDVKPTKTEKGHSFGQRLSLPAPVSDFPKKKVNCVQLRLNPSPTFDSTVWVTLRKLPSGYSLASENVFPLFTDGKSAVLTYQHVQTGVQPRNKIVYDLASVGTEVGDISDYAIIVYSKDDVLQVDELTVHTDIEHERIPSASKLPV
-1,-GYTYTSLDVRPTRTEKDKRFGQRFIIPVTASEYPQKKVSRVQVRLNPSPKFNSTIWVSLRRLDETTLLTSENVFKLFTDGLAAVLNYQHVPTGIQPNNKITFDMSNVGAEIGDMGKYALIVYSKDDVLEADEMVIHIDIEHQRIPSASTLPV
-1,-GYTYTSLDVRPTRTEKDKSFGQRLIIPVPVSEYPKKNASCVQVRLNPSPKFNSTIWVSLRRLDETTLLTSENVFKLFTDGLAAVLIYQHVPTGIQPNNKITFDMSNVGAEIGDMGKYALIAYSKDDVLEAEEMVIHIDIEHQRIPSASTLPV
-1,-GYTYSSLDVRPTKTEKGHTFGQRLSLPAPVSEFPKKKINCVQLRLNPSPTFDSTVWVTLRKLPPGFNLASENVFPLFTDGKSAVLTYQHVQTGVQPRNKIVYDLASVGTEVGDMGDYAIIVLRKDDVIEADELTFHTDVGHEQIPPASKLPV
-1,-GYTYTSLDVRPTKTEKGHSSGQRLVLPVPYLNFRRRKFRAFNSGSNPSPKFDSTVWVSLRKLSPGYSLTSESVFKLFTDGNAAVLIYQHVSTGVQPRNKITFDLASVGTEIGDIGDYAIIVYSKDDTLEADEMVIHVDVEHQRIPSASALPV
-1,-------------------------------------------------------------------------------------------------------------------------VYSKDDALDTDELVLHVDVEHQRIPTSGVLPV